Gender,Married,Dependents,Education,Self_Employed,ApplicantIncome,CoapplicantIncome,LoanAmount,Loan_Amount_Term,Credit_History,Property_Area,Loan_Status
1,1,0,0,0,22597,24327,86,240,1,1,1
1,0,0,0,0,4592,21181,93,240,1,0,1
1,1,0,1,0,54811,21452,38,480,0,0,1
1,1,0,0,0,24192,38248,57,300,1,0,1
0,1,0,1,0,25362,40801,153,120,1,1,1
0,1,1,1,0,71969,33751,77,480,1,2,1
0,1,0,1,0,6426,21991,66,120,1,2,1
1,1,2,0,0,5469,9916,582,120,1,0,1
1,1,0,1,0,37233,10143,487,12,1,1,1
1,0,1,1,0,71355,25855,453,480,1,0,1
0,1,3,1,0,43243,15581,304,120,1,1,1
1,1,2,0,0,41376,1907,686,180,0,0,0
1,0,1,1,0,21823,29424,179,12,0,1,1
1,1,0,0,0,17928,23308,583,240,1,1,1
0,1,0,1,0,36078,36942,155,12,1,2,1
0,1,2,1,0,65640,26957,492,36,1,0,1
1,1,3,1,0,7864,25464,314,36,1,2,1
1,1,2,0,0,36849,23649,681,120,1,2,1
1,0,1,0,0,2191,27125,661,480,1,1,1
1,0,2,1,0,67967,34758,617,240,1,0,1
1,1,1,0,0,47396,5596,454,12,1,1,1
0,0,0,0,0,58562,16374,229,480,1,1,1
1,0,1,1,0,15361,3775,563,12,1,1,0
1,1,3,1,0,65428,27388,386,12,1,0,1
1,1,0,0,0,42847,21029,628,180,1,0,1
1,1,2,1,1,4621,18445,274,36,1,1,1
0,0,0,0,0,29664,14645,103,12,0,0,0
1,0,1,1,0,26991,31105,270,180,1,1,1
1,1,0,0,0,60722,13668,79,36,1,0,1
0,1,1,1,0,24665,15960,227,180,1,0,1
1,0,2,1,0,5248,11357,541,480,0,2,0
0,1,0,1,0,28053,37203,100,300,1,1,1
0,0,2,1,0,61880,15804,135,36,1,2,1
1,0,2,0,0,45831,14626,88,360,1,2,1
1,1,3,1,0,41060,28132,246,300,1,1,1
1,1,0,1,0,55365,7951,380,480,1,1,1
1,1,0,1,0,48186,6449,494,12,0,0,1
0,1,0,0,1,77410,19065,33,240,1,1,1
1,1,3,1,0,6175,35967,164,480,1,2,1
1,1,3,0,0,68206,39536,525,180,1,2,1
0,0,1,1,0,79486,9130,640,180,1,1,1
1,1,2,1,0,77716,23824,538,180,1,2,1
0,0,1,1,0,11568,36993,65,180,1,0,1
1,1,1,1,0,55960,31875,613,480,1,2,1
1,0,0,1,0,47918,6054,27,240,1,0,1
1,1,2,0,0,27706,34273,392,60,1,2,1
1,0,0,0,0,1787,10832,201,180,1,0,1
1,1,2,0,0,23837,29670,245,60,1,0,1
1,1,2,0,1,22166,22852,395,240,1,1,1
0,1,2,0,0,2661,23620,434,240,1,0,1
1,0,0,0,0,40251,28307,285,300,1,1,1
1,1,0,1,0,16258,1551,235,36,1,2,1
1,0,0,1,0,67280,27812,560,360,1,2,1
1,1,0,0,0,4678,13799,331,120,0,2,0
1,0,0,1,0,33331,26312,161,360,1,0,1
1,0,3,0,0,3676,39620,647,480,1,2,1
0,0,1,1,0,35154,1449,245,120,0,2,0
0,1,0,1,0,28127,24426,63,240,1,1,1
0,1,0,1,0,54050,35427,444,360,1,1,1
1,0,1,1,1,46410,40277,692,84,1,2,1
1,1,1,1,0,59751,31551,117,36,1,2,1
1,1,1,1,0,36922,24277,192,360,1,0,1
1,1,3,1,0,13484,35489,376,36,1,0,1
1,1,1,1,0,62886,9637,206,60,1,2,1
1,1,3,1,0,8635,35693,379,480,1,1,1
1,1,3,0,0,1820,9824,381,36,0,2,0
0,0,0,1,0,23184,26950,505,60,1,0,1
1,0,3,0,0,57413,23488,607,180,1,1,1
0,1,0,1,0,23389,39008,209,60,1,1,1
1,1,2,1,0,50399,215,517,480,1,0,1
1,1,0,0,0,12270,40067,330,300,1,2,1
0,0,3,1,0,40821,11523,283,180,1,2,1
0,1,3,1,0,43277,10364,219,240,1,2,1
1,1,2,1,0,47750,3153,512,12,1,0,1
1,0,2,1,0,74534,23834,126,60,1,1,1
1,0,0,1,0,41630,34474,562,60,0,0,1
1,1,0,0,0,50846,34335,50,36,1,2,1
0,1,1,1,0,4037,10400,323,240,1,0,1
1,0,0,0,0,16716,10345,337,360,1,1,1
0,0,2,1,0,4509,33896,25,84,1,0,1
1,0,0,0,0,30827,19894,291,120,1,2,1
1,1,3,1,0,15709,28899,266,60,1,1,1
1,0,1,1,0,49943,40635,583,360,1,0,1
0,0,2,0,1,16529,28229,582,84,1,0,1
1,1,0,1,0,69113,5583,620,120,1,1,1
1,0,3,1,0,80943,4897,27,12,1,1,1
1,1,3,1,0,58497,6001,537,36,1,2,1
1,0,1,1,0,64059,4567,431,360,1,1,1
1,0,1,1,1,66392,9271,474,36,1,2,1
1,0,2,1,0,71909,11703,381,120,1,0,1
0,1,0,0,0,10135,13329,89,300,1,2,1
1,1,1,0,1,34565,35509,559,60,1,0,1
1,1,0,1,0,35283,6256,556,180,1,1,1
1,1,0,1,0,35652,228,432,84,1,0,1
1,1,0,1,1,60241,24746,437,240,1,1,1
1,0,0,1,0,53002,16678,396,480,0,0,1
1,0,0,1,0,30592,37052,678,60,1,0,1
1,1,0,1,0,19153,23185,212,180,1,0,1
0,0,3,1,0,41969,33686,204,480,1,0,1
0,0,1,1,0,61254,11445,293,360,1,2,1
0,0,3,1,0,31478,33266,204,480,1,0,1
1,0,1,1,1,44669,2809,315,12,1,2,1
1,0,0,1,0,49787,37729,672,60,1,1,1
1,1,1,1,0,56245,36547,22,36,1,1,1
1,1,1,0,0,7043,34886,154,300,1,2,1
1,1,0,0,0,57892,6391,65,240,1,1,1
1,1,1,1,0,22567,145,218,36,1,1,1
1,0,0,1,0,52533,13929,537,180,1,0,1
1,0,1,1,0,46756,24326,352,60,1,0,1
0,1,2,1,0,70845,29991,619,300,0,0,1
1,1,0,0,0,23691,37333,287,480,1,2,1
0,0,0,1,0,74242,16576,217,60,0,2,1
1,1,2,1,0,30492,39405,649,480,1,1,1
1,1,1,1,0,50303,28464,343,360,1,0,1
1,1,0,1,0,64977,8243,296,12,1,2,1
1,1,3,1,0,14710,31601,260,120,1,2,1
1,0,0,0,0,27770,2410,273,60,1,0,1
0,1,2,1,0,63508,1820,279,180,1,2,1
1,1,3,1,0,6697,35289,427,480,1,0,1
1,0,0,1,0,8952,38650,219,36,1,1,1
1,1,0,1,0,42986,34635,373,360,1,1,1
1,1,0,0,0,16359,7465,84,180,1,1,1
1,1,0,0,0,28736,32439,668,240,1,0,1
0,1,0,1,0,33399,27314,329,120,1,2,1
1,1,2,1,0,33583,19583,441,360,1,1,1
1,0,0,0,0,69208,27155,117,12,0,1,1
1,0,1,0,0,18163,38871,649,120,1,1,1
1,1,3,1,0,20553,12197,530,480,1,2,1
0,1,2,0,0,12585,29511,55,180,1,2,1
1,0,1,1,0,32064,15424,387,240,1,0,1
1,0,0,1,0,60595,240,104,84,1,1,1
1,1,1,1,0,71017,4631,111,12,1,2,1
0,1,1,0,0,22653,9599,154,300,1,0,1
1,1,1,0,0,6747,24658,35,480,0,1,1
1,0,0,1,1,12053,37845,538,84,1,2,1
1,0,3,1,0,22311,32574,687,60,1,2,1
1,0,1,1,1,7635,36536,90,240,1,0,1
1,1,0,0,0,7073,7995,436,36,1,1,0
1,0,0,1,0,80767,25186,592,300,1,1,1
1,1,1,1,0,8689,29245,487,180,1,2,1
1,0,2,1,1,45146,22813,170,240,1,1,1
1,1,2,1,0,78123,13276,410,120,1,0,1
1,1,2,1,0,55187,19989,516,360,0,2,1
1,1,0,1,0,69812,12746,46,120,1,2,1
1,0,1,0,0,29064,18557,519,120,1,0,1
0,0,1,1,0,30335,28060,401,60,1,2,1
1,0,0,0,0,63087,6568,502,12,1,1,1
1,1,0,1,0,9197,35369,208,36,1,1,1
0,1,2,1,0,75422,19041,263,300,1,2,1
1,1,0,0,0,18546,6080,187,12,1,0,1
1,1,1,0,0,59323,13854,555,240,1,0,1
1,1,0,0,0,75080,2159,602,120,1,1,1
0,0,0,1,1,54870,27025,397,60,1,0,1
1,1,0,1,0,11115,4368,406,240,1,2,1
1,1,3,0,0,6560,34085,166,360,1,2,1
1,1,2,1,0,77936,27094,12,36,0,1,1
1,1,3,1,0,62019,1230,175,300,0,1,1
1,0,1,0,0,72617,17517,476,360,1,1,1
1,0,0,0,0,62658,23991,417,60,1,0,1
1,1,1,1,0,36282,1301,420,36,1,2,1
1,0,1,1,0,80033,28610,212,240,1,2,1
1,1,2,1,0,59755,15927,202,120,1,2,1
1,0,0,0,0,74184,34678,243,120,1,1,1
1,1,1,0,0,58418,24466,158,480,1,2,1
0,0,0,1,1,26756,14904,167,120,0,0,0
1,1,0,0,0,31505,40875,287,84,1,0,1
1,1,2,0,0,8138,26081,412,120,1,2,1
0,0,1,0,0,38919,24354,686,84,1,1,1
0,1,0,1,0,34877,27761,319,180,1,2,1
1,1,0,1,0,44616,18300,76,84,1,0,1
1,1,1,1,0,38134,29491,471,36,1,0,1
0,1,2,1,0,24882,35525,96,360,0,0,1
1,1,3,0,0,57563,26532,225,36,1,2,1
1,0,3,1,0,23894,6464,9,360,1,0,1
1,0,2,0,0,69289,16562,143,480,1,1,1
0,0,0,1,0,2364,8683,359,180,1,2,1
1,1,2,1,0,41722,32634,148,360,1,2,1
1,0,1,1,0,15166,60,626,360,0,0,0
1,1,0,1,0,22455,9269,141,60,1,0,1
0,1,2,1,0,71090,23065,628,12,1,1,1
1,0,0,0,0,67971,2895,186,12,1,2,1
0,1,3,1,0,44798,15323,366,60,0,0,0
1,0,1,1,0,64608,12352,388,120,1,1,1
1,0,1,1,0,50424,38591,666,60,1,0,1
1,1,2,1,0,18209,30890,458,360,1,2,1
1,1,3,1,1,11226,32016,594,360,1,0,1
1,1,1,0,0,62324,11962,471,60,1,2,1
1,1,1,1,0,42042,33302,116,60,1,0,1
1,0,0,0,0,21745,19846,130,120,1,2,1
1,1,1,1,0,36253,4011,25,36,1,1,1
0,1,0,1,0,22816,19782,204,180,1,2,1
1,1,2,1,1,17460,2155,335,240,1,1,1
1,0,1,1,1,32291,39725,326,360,1,2,1
1,1,2,1,0,26716,9196,487,180,1,1,1
1,1,0,0,1,33967,21709,260,60,1,0,1
1,0,0,1,1,65927,13327,511,120,1,2,1
1,1,2,0,0,63547,35474,127,84,1,0,1
1,0,0,1,0,74790,32769,682,120,1,1,1
1,1,0,0,0,48514,24700,506,300,1,2,1
1,1,0,0,0,5578,14820,494,300,0,2,0
1,0,3,1,0,79889,10891,53,180,0,0,1
0,1,2,0,0,52019,34629,322,12,1,2,1
0,1,0,1,1,5542,5269,187,300,1,2,1
1,1,0,0,0,50552,8320,426,300,1,0,1
1,1,0,0,0,15889,10740,564,36,1,2,1
0,1,2,1,0,69611,35897,86,84,1,0,1
0,1,2,0,0,52233,30930,334,36,1,0,1
1,1,0,0,1,36254,17285,698,84,1,0,0
0,0,0,1,0,20124,14380,365,480,1,0,1
0,1,0,0,0,28181,11360,424,240,1,0,1
1,0,2,1,0,26204,5398,523,360,1,1,1
1,1,2,0,0,8993,5529,222,300,1,1,1
1,1,0,0,0,71139,29062,82,360,0,0,1
1,0,0,1,0,55883,36686,571,300,0,1,1
1,1,0,0,0,4494,17451,587,36,1,1,0
1,1,3,0,0,70780,6937,517,240,1,2,1
1,0,0,1,0,48734,39886,340,36,1,0,1
1,1,2,0,0,48791,10860,101,36,1,1,1
1,1,1,1,0,7094,25142,696,84,1,2,1
1,0,0,0,0,8871,25279,665,12,1,2,0
1,1,0,1,0,48815,38106,527,120,1,0,1
1,0,0,1,0,18126,35908,277,180,1,0,1
0,1,1,1,0,8630,40764,384,360,0,2,0
1,1,2,1,0,8328,14201,12,480,1,0,1
1,1,1,1,0,59014,40544,146,300,1,0,1
1,1,1,1,0,54164,37711,239,36,0,2,1
1,1,0,0,0,19383,8997,608,12,1,2,0
1,1,3,1,0,44559,40566,537,36,1,0,1
1,0,2,1,1,44432,20175,60,240,1,1,1
1,1,0,1,0,62769,40860,654,84,0,0,1
1,0,3,1,0,77486,3225,333,480,0,1,1
1,1,1,1,1,3535,35228,285,120,1,2,1
1,0,1,0,0,42245,23110,544,240,1,1,1
1,0,2,0,0,18741,10754,494,60,1,2,0
0,0,2,1,0,54475,26655,524,480,1,0,1
1,1,2,1,0,24654,3114,160,36,1,0,1
1,0,0,1,0,27125,26502,491,240,1,2,1
0,1,0,1,0,46450,20028,267,120,1,2,1
1,0,3,1,1,57896,17587,332,12,0,2,1
0,0,0,1,1,14831,35333,176,12,1,0,1
1,1,0,0,0,65427,3174,696,360,1,0,1
1,1,1,0,0,64514,35398,318,120,1,1,1
1,0,1,1,0,40846,35929,487,12,1,2,1
1,1,1,1,1,71911,4321,64,240,1,1,1
0,1,3,0,1,55978,30435,628,360,1,0,1
1,1,0,1,0,13754,7099,481,12,1,1,1
1,0,0,1,0,57234,23760,304,480,1,1,1
1,0,0,1,0,30121,11360,469,84,1,0,1
1,1,3,1,0,77941,10313,332,60,1,0,1
1,0,1,1,0,47621,20462,149,120,0,2,1
1,1,0,0,0,61697,5801,675,240,1,1,1
1,1,2,1,0,43931,14130,270,300,1,0,1
1,1,3,1,0,6337,14271,428,36,1,0,1
1,1,2,0,0,72732,16075,249,240,1,1,1
0,1,3,1,1,50494,36919,363,12,1,0,1
1,1,0,1,0,80579,18984,597,240,1,2,1
1,1,2,1,0,14115,22559,188,300,1,2,1
1,1,1,1,0,2966,12861,74,36,1,1,1
1,1,2,0,0,32271,33434,356,360,0,2,1
0,1,2,1,0,67411,16667,179,12,1,0,1
1,1,2,1,0,22246,5840,482,180,1,0,1
1,1,2,1,0,62239,3565,542,12,0,0,0
0,1,0,0,0,74869,20977,375,60,1,0,1
1,1,1,1,0,3393,21118,115,180,1,1,1
1,1,3,1,0,32073,22641,447,60,1,2,1
1,1,3,0,0,42374,7366,235,300,1,2,1
1,0,0,0,0,78862,26636,452,120,1,0,1
1,0,0,1,0,34867,15630,450,36,1,1,1
1,1,0,1,0,22699,20056,404,84,1,0,1
1,0,2,0,0,75828,7382,589,360,1,0,1
1,0,2,1,0,59224,16149,92,84,1,1,1
1,0,0,1,0,37905,992,623,480,0,1,0
1,0,1,1,0,17489,6858,559,480,1,0,1
1,0,2,0,0,30431,2121,21,300,1,2,1
1,1,2,1,0,10790,27160,501,120,1,0,1
1,1,1,0,0,39867,20906,276,480,0,2,1
1,1,1,1,1,80981,19572,533,12,1,2,1
1,1,1,0,0,77798,4136,128,240,1,1,1
1,0,0,0,0,31633,16727,361,60,0,1,0
1,1,1,1,0,28552,32167,65,480,1,0,1
1,1,2,0,0,41975,15479,48,300,1,2,1
1,0,3,1,0,59156,31376,344,60,1,2,1
1,1,1,0,0,6133,4823,648,12,1,0,0
0,1,2,1,1,18804,4920,181,120,1,0,1
1,1,0,0,0,48046,19585,555,36,1,0,1
0,1,1,0,0,8508,38239,267,84,1,1,1
1,1,0,0,0,49791,17272,525,12,1,0,1
1,0,0,1,0,28905,26619,531,360,1,0,1
1,1,2,1,0,37886,9533,125,180,1,2,1
1,0,3,1,0,22327,39895,192,300,1,0,1
0,1,0,1,0,34540,3720,124,84,0,2,1
0,1,1,1,0,61854,19267,170,360,0,2,1
1,1,2,0,1,80043,15696,587,36,1,1,1
1,1,0,1,1,19657,29968,551,360,1,0,1
0,0,1,1,0,36815,23345,595,120,1,0,1
1,0,2,1,0,37432,25693,245,180,1,2,1
1,0,1,1,1,22664,19385,74,60,1,1,1
1,0,0,0,1,15914,18122,78,84,0,1,0
1,1,0,1,0,15827,1364,455,180,0,0,0
0,1,2,1,0,2446,2708,424,240,1,2,1
0,0,1,1,0,16193,12982,540,12,1,0,1
1,1,0,1,0,28741,17308,449,240,1,0,1
1,1,2,0,1,17040,32919,472,12,1,0,1
1,1,0,0,0,73755,25161,404,120,1,0,1
1,1,2,1,1,66257,35089,559,180,1,2,1
1,0,0,1,0,42703,13865,665,36,1,1,1
1,1,3,0,1,26581,495,565,480,1,0,0
1,1,0,0,0,63361,2148,403,360,1,0,1
1,1,0,0,0,12850,33324,334,480,1,0,1
1,0,0,0,0,57012,13393,99,180,0,0,1
1,1,0,1,0,58309,1552,78,240,0,1,1
0,0,3,1,0,44332,35853,174,480,1,1,1
0,0,3,0,1,29869,32924,650,300,1,1,1
1,1,0,1,0,33228,8926,222,480,1,1,1
1,1,1,0,0,19076,30851,609,12,0,0,0
1,1,2,0,1,30501,23889,343,300,1,2,1
1,0,3,1,0,1890,39930,377,84,1,1,1
0,1,1,1,0,46936,8055,592,480,1,1,1
0,0,0,1,0,13069,4654,685,300,1,0,0
1,0,1,0,0,14529,22634,57,180,1,0,1
1,1,2,1,0,23990,32363,60,360,1,0,1
1,1,0,1,0,47375,11468,297,84,1,0,1
1,1,1,1,0,7367,32922,634,36,1,2,1
1,1,0,1,0,10621,40718,247,36,1,2,1
1,1,2,1,0,3039,17380,141,120,0,1,0
1,1,0,0,0,18527,26870,174,480,1,2,1
1,0,1,0,1,75729,37394,382,360,0,1,1
1,1,1,0,0,10421,14259,381,60,1,1,1
1,1,1,0,1,51935,14873,486,300,1,2,1
1,0,0,1,0,11810,13016,487,84,1,1,1
1,1,1,1,0,65465,153,658,180,1,0,1
1,1,1,1,0,71422,7853,599,480,1,1,1
0,0,1,0,0,13742,12379,690,180,1,0,0
0,0,1,1,0,10447,15792,643,60,1,2,0
0,1,2,1,0,72966,38367,696,120,1,2,1
0,0,2,1,0,63316,18100,308,60,0,1,1
1,1,0,1,0,50285,11049,90,12,1,0,1
1,1,2,1,0,2007,786,95,240,1,1,1
1,1,1,1,0,68472,4368,233,84,1,2,1
0,1,0,0,0,28651,30699,24,240,1,1,1
1,1,0,1,0,13118,37040,366,60,1,1,1
1,0,0,0,0,75786,27454,171,120,1,0,1
0,1,2,0,0,17622,38762,618,120,1,2,1
1,1,2,0,0,8854,23600,676,36,1,1,0
1,0,2,1,1,32479,29238,522,480,1,0,1
1,1,1,1,0,80876,25241,358,36,1,1,1
1,1,1,1,0,54274,19810,689,84,1,0,1
0,1,0,0,0,6537,20167,472,84,1,0,1
1,1,0,1,0,30133,21811,383,84,1,1,1
1,1,1,1,0,25995,39779,100,180,1,2,1
1,1,0,1,0,66050,20085,189,36,1,2,1
1,1,0,1,0,37983,9261,309,180,1,0,1
1,1,1,0,0,74873,18733,668,240,1,2,1
0,1,2,0,0,35569,39779,197,480,0,0,1
0,1,3,1,0,8870,29079,322,60,1,2,1
1,1,3,0,0,73447,33980,501,300,1,1,1
0,0,1,1,0,40633,14141,136,36,1,2,1
1,1,1,1,0,2192,9344,527,300,1,0,1
1,1,1,1,0,30426,39472,434,120,1,0,1
1,0,2,0,0,75484,15896,567,36,1,2,1
1,1,0,0,0,44890,23817,573,240,1,1,1
1,0,1,0,0,51093,29813,195,36,1,0,1
1,0,2,1,0,77109,18895,558,180,1,0,1
1,1,0,1,0,6709,143,461,480,1,0,0
1,0,1,0,0,8033,10681,479,60,1,0,0
1,1,1,1,0,8711,7367,573,360,1,0,1
1,1,0,1,0,11427,3228,232,60,1,1,1
1,1,0,0,0,78963,4582,162,60,1,2,1
0,0,0,1,0,26094,13147,568,120,1,1,1
0,0,0,1,1,76352,11397,359,240,1,1,1
0,1,0,0,0,79213,38799,155,300,1,0,1
0,1,2,0,0,77882,37011,584,240,1,1,1
0,1,0,1,0,9433,13647,357,360,1,0,1
1,0,1,1,1,42196,27718,190,120,1,1,1
0,1,0,1,1,66949,19097,645,480,1,0,1
1,1,3,1,0,69116,36953,187,60,1,0,1
1,1,0,0,0,7589,40096,47,180,1,1,1
0,0,1,0,0,58048,17107,11,120,1,1,1
1,1,3,1,0,27623,3010,72,84,0,2,1
1,1,2,0,0,9297,5555,37,36,0,2,0
0,1,0,0,0,51513,67,380,240,0,2,1
1,0,2,1,0,9846,28412,531,120,1,1,1
1,1,1,1,0,35172,34305,105,84,1,1,1
1,1,1,1,0,19153,11549,450,300,0,0,0
1,0,0,1,0,51056,5680,211,360,1,2,1
1,1,0,0,0,27640,25739,419,360,0,0,0
1,1,2,1,0,2684,21209,29,60,1,0,1
0,0,1,0,0,35993,22432,559,60,1,0,1
1,0,1,1,0,45648,15116,110,120,1,0,1
1,1,2,1,0,26346,20045,54,120,1,2,1
1,0,2,1,1,23695,26327,74,480,1,0,1
1,1,0,1,0,7106,35709,611,36,1,1,1
1,0,1,1,0,5456,26905,172,12,1,1,1
1,1,0,0,0,18055,7067,119,300,1,1,1
1,0,2,1,0,20190,32559,346,60,0,2,1
1,1,2,1,0,60002,17985,131,12,0,0,1
1,1,3,0,0,50349,27369,455,12,1,2,1
1,1,0,1,0,27847,17864,619,36,1,0,1
1,1,0,1,0,50556,22614,299,180,1,2,1
1,0,0,0,0,65351,15613,679,180,1,2,1
0,1,0,1,0,71711,6447,420,60,1,0,1
1,0,0,1,0,43350,5499,623,84,1,2,1
1,0,3,1,0,80045,39041,289,36,1,0,1
1,0,0,1,0,29343,31315,51,36,1,1,1
1,1,0,1,0,63820,1299,494,240,1,1,1
1,1,2,1,0,31293,39469,604,12,1,1,1
1,1,1,1,0,41016,4994,59,240,1,2,1
0,1,2,0,0,19357,29878,218,12,1,1,1
1,0,0,1,1,21127,15627,134,180,1,0,1
0,1,1,1,1,63322,7489,500,60,0,1,0
1,1,0,0,0,53748,26111,517,300,0,1,0
1,1,0,1,0,57298,32355,589,180,1,2,1
1,0,3,1,0,45616,8269,266,36,1,0,1
1,1,0,0,0,76818,2831,196,300,1,2,1
1,1,1,1,0,30057,11819,238,120,1,2,1
1,0,1,1,0,72834,24813,197,300,1,0,1
1,0,0,1,0,76663,21637,423,300,1,2,1
1,1,3,0,0,79502,1996,18,180,0,0,1
1,1,0,0,0,44114,3089,122,36,1,1,1
1,0,2,1,0,14220,33291,84,300,1,0,1
1,1,3,1,0,59108,20659,684,180,1,0,1
1,0,1,0,0,73595,30429,510,180,1,0,1
0,1,3,1,0,37392,15732,93,300,1,2,1
1,1,0,0,1,78742,19506,57,12,1,0,1
0,1,1,0,0,79106,40935,503,36,1,0,1
1,1,0,1,0,2424,5190,697,360,1,0,0
1,1,2,1,0,52822,4575,395,300,1,1,1
1,0,3,0,1,27978,40495,397,240,1,0,1
1,1,0,1,0,72542,34565,226,240,1,2,1
0,1,2,0,0,47918,34899,354,120,1,0,1
0,1,0,1,0,63717,23706,238,36,1,0,1
1,0,1,1,0,75262,22884,263,180,1,1,1
1,0,1,0,0,13281,17199,244,480,0,0,0
0,0,3,0,0,7015,39434,34,60,1,2,1
0,1,1,1,0,37633,12479,592,84,0,0,0
1,1,0,1,0,78446,34178,269,480,1,2,1
0,1,0,1,1,10595,12665,279,36,1,1,1
1,1,0,0,0,21970,534,131,36,1,0,1
1,1,0,1,0,44629,26292,664,300,1,1,1
0,0,0,1,0,10031,36132,265,300,1,0,1
0,1,3,1,0,38538,36110,664,480,1,2,1
1,1,1,1,1,44174,22469,429,180,0,1,1
1,1,1,1,0,31331,37268,267,120,0,0,1
1,1,0,1,0,58674,1172,55,300,1,2,1
1,1,3,1,0,12779,27914,533,84,1,1,1
1,1,2,1,0,39720,20901,216,84,0,0,1
1,0,0,1,0,62110,40775,319,120,1,1,1
1,0,2,0,0,54219,34409,157,12,1,0,1
1,1,1,1,0,54551,19324,446,12,1,2,1
0,1,0,1,1,73513,8738,163,36,1,2,1
1,1,1,1,0,58152,37494,686,300,1,1,1
1,1,1,0,0,67024,24054,98,240,0,1,1
1,0,0,0,0,7970,29709,366,480,1,0,1
1,0,3,1,0,69098,20107,182,360,1,2,1
0,1,2,0,0,43298,363,225,120,1,0,1
1,1,2,1,0,54973,10358,464,36,1,2,1
0,0,1,0,0,21380,36077,617,240,1,1,1
1,1,1,0,0,45939,3240,637,300,1,0,1
0,0,2,0,0,15808,6665,207,240,1,0,1
0,1,1,0,1,36581,1936,494,240,1,2,1
0,0,0,1,0,76742,25538,541,120,1,2,1
1,1,1,0,0,51883,11998,208,36,1,2,1
1,0,2,1,0,11337,882,379,180,1,1,1
1,1,1,1,0,53651,20224,456,84,1,0,1
1,0,0,1,0,38324,39691,256,480,1,2,1
1,0,2,1,0,34573,30825,272,36,1,1,1
1,1,0,1,0,27799,5204,66,360,1,2,1
1,1,0,1,0,60361,28885,310,240,1,0,1
1,1,0,0,0,31563,40056,39,180,0,2,1
1,0,0,1,0,70953,3203,506,120,0,0,0
0,1,2,1,0,69972,2244,257,60,1,1,1
1,1,1,1,0,16006,32786,613,480,1,1,1
0,1,0,1,0,27526,3083,279,480,1,2,1
1,0,3,1,0,29172,21584,614,84,1,0,1
1,1,3,1,0,39917,8521,674,60,1,0,1
1,0,3,1,0,53913,33541,402,300,1,0,1
0,0,0,1,0,66566,29063,510,60,1,2,1
1,1,1,0,0,60713,4732,600,240,0,0,0
1,0,3,1,0,52471,27518,92,240,1,0,1
1,1,2,0,0,28781,39563,373,240,1,0,1
1,1,0,0,0,29591,39752,557,240,1,0,1
1,1,0,1,0,51994,29697,350,36,1,2,1
1,1,1,0,0,20110,2567,415,480,1,2,1
1,0,3,0,0,2579,16121,433,60,1,0,0
1,0,1,0,0,48251,1674,101,480,1,0,1
1,1,1,1,0,56932,10875,622,360,0,1,0
0,0,0,1,1,32451,739,420,60,1,1,1
1,1,2,1,0,79791,1545,440,36,1,0,1
1,0,2,1,0,61372,29140,686,360,1,0,1
1,0,0,1,0,8735,9327,167,480,1,1,1
1,1,2,0,0,64212,5127,22,360,1,1,1
1,0,3,1,0,22973,23331,381,84,1,0,1
1,1,0,1,0,69067,23004,233,360,1,2,1
0,1,1,1,0,33730,10492,513,60,1,2,1
1,1,0,0,0,70376,13749,81,240,1,0,1
1,0,2,1,0,42144,23508,257,240,1,0,1
1,0,1,1,1,50164,9045,519,300,1,1,1
0,0,1,0,0,46703,20116,611,480,1,1,1
1,1,2,1,1,68177,18667,224,84,1,2,1
1,1,0,0,0,26925,9521,610,60,1,0,0
1,0,3,0,0,71306,8669,549,60,1,1,1
1,1,1,1,0,44314,27302,228,120,1,2,1
1,0,0,0,0,71719,11283,229,12,1,2,1
1,1,2,1,0,51146,30935,397,480,1,2,1
1,1,2,1,1,41384,6998,562,60,1,1,1
0,1,0,0,1,70822,28806,655,180,1,1,1
1,1,3,1,0,23150,31624,50,60,0,0,1
1,1,3,0,0,10690,13440,684,120,1,0,0
1,0,0,0,0,39696,21797,291,360,1,2,1
1,1,3,0,1,40949,1269,66,36,0,2,1
1,0,0,0,0,41161,7868,545,36,1,1,1
1,1,0,0,0,31209,30251,81,180,1,1,1
1,1,0,1,0,76679,12373,137,180,1,0,1
1,1,3,1,0,11443,18987,607,300,0,0,0
0,1,2,0,1,44740,38729,434,36,0,0,1
0,1,0,1,0,47260,15734,673,360,1,1,1
1,1,1,1,0,22542,40325,133,36,0,2,1
1,1,1,1,0,45394,18064,75,12,1,0,1
1,0,0,1,0,8369,8433,14,480,1,0,1
0,0,3,0,0,62578,9111,645,36,1,1,1
1,0,2,0,0,58259,38450,322,240,1,0,1
1,0,1,1,0,45806,15047,334,300,1,2,1
1,1,3,1,1,56871,8084,573,120,1,1,1
1,0,1,0,0,22418,21751,586,180,1,0,1
1,1,3,1,0,29879,16453,514,12,0,0,0
1,0,2,1,1,4462,20308,90,180,1,1,1
1,0,1,1,0,15351,38968,607,300,1,1,1
1,1,0,1,0,47247,30077,10,60,0,0,1
0,1,3,1,0,53849,34775,212,12,0,2,1
1,1,1,1,0,72332,24503,670,84,1,1,1
1,1,0,1,0,57856,2779,412,12,1,2,1
1,1,0,1,1,16245,21304,111,300,1,0,1
1,0,1,0,0,7230,755,544,120,1,2,0
1,1,1,1,0,15421,39263,376,12,1,0,1
1,1,2,1,0,72638,17400,220,300,1,0,1
1,1,3,0,0,20523,40115,585,360,1,0,1
1,0,0,1,0,46849,14249,217,480,1,0,1
1,1,2,1,0,43479,24600,125,36,1,2,1
1,0,0,1,0,24337,37706,636,360,1,0,1
0,0,3,0,0,16497,19222,486,300,1,0,0
1,0,2,0,1,46539,33505,113,240,1,2,1
1,1,1,1,0,22423,38968,503,60,0,1,0
1,1,2,0,0,10376,29148,54,36,1,2,1
1,1,0,1,0,62473,22302,339,240,0,2,1
1,1,1,1,0,4387,2623,224,120,1,2,1
1,1,2,0,0,65223,8646,500,180,1,0,1
0,0,1,1,0,43922,13543,457,84,1,0,1
1,1,0,1,0,52913,28960,544,36,0,0,1
1,1,1,1,0,4341,22785,519,360,1,1,1
1,0,2,1,1,30256,12817,466,60,1,0,1
1,1,0,1,1,73076,31406,555,240,1,1,1
1,1,0,1,1,11804,23456,544,300,1,0,1
1,1,2,1,0,31841,23777,548,36,1,2,1
1,1,2,1,0,6258,20914,492,180,1,0,1
1,1,0,1,0,18510,29553,24,300,1,1,1
1,1,0,1,0,62258,23548,579,240,1,1,1
0,1,0,1,0,33158,37265,251,60,1,0,1
0,1,0,1,0,50502,40701,215,12,1,2,1
1,0,1,0,0,2875,6727,279,180,1,0,0
1,1,2,1,0,23592,32427,123,300,0,0,1
1,1,2,0,0,1990,16692,588,180,1,0,1
1,0,1,0,0,5229,31625,307,120,1,2,1
0,1,0,0,0,7474,24918,491,300,1,1,1
0,1,2,1,0,22898,15577,405,36,1,2,1
1,1,1,1,0,36150,19619,402,12,1,1,1
1,0,3,1,0,22792,33710,83,12,1,1,1
1,1,1,1,0,4659,37388,490,84,1,1,1
1,1,0,1,0,64266,16195,111,180,1,2,1
1,0,2,1,0,18565,27689,305,360,1,0,1
1,0,0,1,0,23138,11154,186,12,0,0,0
1,1,2,1,0,2573,39121,223,12,0,0,1
1,0,0,0,1,48011,29412,323,120,1,0,1
1,1,0,1,0,30820,21341,47,480,1,0,1
1,1,3,1,0,71376,32018,267,120,1,2,1
1,0,0,1,0,36424,9145,15,120,0,2,1
1,1,2,0,1,42234,22223,57,480,1,2,1
0,1,0,1,0,69616,2880,546,180,1,2,1
1,1,1,0,0,41525,21271,169,300,1,2,1
1,1,2,1,0,3659,33313,184,60,0,2,1
1,1,1,1,1,50440,13304,599,360,1,2,1
1,0,0,1,0,80936,34695,10,12,1,0,1
1,1,0,0,0,78476,30225,463,84,1,1,1
1,1,0,1,0,16178,20536,652,360,1,2,1
1,0,0,1,0,62575,30831,284,300,0,1,1
1,1,2,1,0,48704,11673,506,480,1,2,1
1,0,3,1,0,13521,21917,637,360,1,2,1
0,1,3,0,0,8272,27829,684,12,1,0,1
0,0,2,1,0,68663,15372,36,360,0,1,1
0,1,2,1,0,75255,25938,341,60,1,0,1
0,1,2,1,1,24964,2663,9,480,1,0,1
0,0,0,0,0,52637,9465,196,360,1,1,1
1,0,3,1,0,31732,3326,64,12,1,0,1
0,0,2,1,0,62997,3659,555,12,0,2,0
1,1,1,1,0,75524,27594,120,360,1,2,1
1,0,0,0,0,52948,4763,318,180,1,2,1
1,1,1,1,0,2401,23121,44,84,1,2,1
1,1,1,0,0,4381,10828,447,240,1,2,1
0,0,3,0,0,31363,11221,600,120,1,0,0
0,1,1,0,0,7122,11211,603,480,1,0,1
0,1,0,1,0,2878,13569,585,240,1,2,1
0,0,3,1,0,72686,31358,333,300,1,2,1
1,0,0,1,1,46701,37860,648,300,1,0,1
0,0,1,0,0,60751,6022,315,12,1,1,1
0,1,0,1,1,74072,13515,542,300,1,0,1
0,1,2,1,0,40755,6159,627,180,1,0,1
1,1,3,1,1,64712,21691,117,84,1,0,1
1,1,0,1,0,51710,24904,380,300,1,0,1
1,1,3,0,0,23999,3044,365,60,1,0,1
1,1,0,1,0,53128,9612,189,84,1,1,1
1,1,3,0,0,62860,5636,364,180,1,2,1
0,0,2,1,0,6103,11593,684,240,0,2,0
1,0,2,0,0,14132,2892,76,84,1,1,1
1,0,0,0,0,32107,21672,300,84,1,2,1
0,0,3,1,0,67256,5812,189,240,1,2,1
1,1,2,1,0,48494,31085,474,180,1,2,1
1,1,0,0,0,64882,654,442,300,1,1,1
0,0,2,1,0,71854,17143,472,12,0,1,1
1,0,0,1,0,57844,1798,689,480,1,2,1
1,1,3,0,0,55275,37927,542,240,0,2,1
1,1,0,1,0,8849,29087,74,240,1,2,1
0,0,2,0,0,72654,11618,29,240,1,0,1
1,1,1,1,0,28964,8446,620,240,1,0,1
1,0,0,1,0,44124,21646,392,480,1,0,1
1,0,0,0,0,38844,36591,623,480,0,1,0
1,1,0,0,0,25799,27200,567,300,1,2,1
1,1,1,1,0,49475,29571,47,360,0,1,1
1,0,0,1,0,2962,22538,293,360,1,1,1
1,1,1,1,0,42081,40555,610,36,1,1,1
0,1,0,1,0,72789,20900,605,240,1,2,1
1,1,0,1,0,15675,22356,344,240,1,0,1
1,1,2,0,0,7691,23023,196,84,1,2,1
1,1,0,1,0,68037,39148,679,360,1,2,1
1,1,3,1,0,49145,17392,251,300,1,1,1
1,1,3,0,0,24783,20698,81,12,0,1,1
0,0,2,0,0,60623,26535,487,36,1,1,1
1,0,1,0,0,31524,35450,569,36,1,0,1
1,0,3,1,1,51130,33757,109,300,1,0,1
1,1,0,1,0,32234,12476,522,12,1,0,1
1,0,0,0,1,2015,4711,184,84,1,2,1
1,1,0,1,0,68227,6479,246,480,1,1,1
0,1,2,0,0,47716,31390,67,120,1,2,1
1,0,0,1,0,73333,13161,107,360,1,0,1
1,1,1,0,0,60255,32152,503,240,0,1,0
1,1,3,1,0,29356,14635,522,300,1,0,1
0,1,3,1,0,75370,40843,305,360,1,1,1
1,0,1,1,0,25662,30297,219,240,1,1,1
1,1,0,1,1,7508,20836,131,120,1,2,1
1,1,2,0,0,9487,24831,237,120,0,2,0
1,1,1,1,0,64032,1007,602,480,1,0,1
1,1,0,0,0,4832,26331,664,180,1,2,0
0,1,0,0,0,67823,40456,396,120,1,2,1
1,1,3,1,0,40490,10763,148,360,1,2,1
1,1,2,0,0,11373,3908,549,60,1,1,0
1,1,2,0,1,37944,27573,399,60,1,2,1
1,0,3,1,0,36840,19187,278,240,1,0,1
0,1,1,1,0,6533,11957,20,240,1,1,1
1,1,1,1,0,74824,4379,397,180,1,1,1
1,1,1,0,0,17189,27959,345,60,1,2,1
1,0,0,0,0,1566,16482,514,240,1,1,0
1,1,1,1,0,46746,27105,114,120,0,0,1
1,1,2,0,0,9033,877,40,240,1,0,1
1,1,1,0,0,71652,18252,82,36,1,1,1
1,0,3,1,0,61158,31334,179,180,1,2,1
1,1,1,1,0,39998,19049,77,300,1,2,1
0,1,1,1,0,13272,17772,370,12,1,1,1
0,0,1,0,0,50536,2637,657,84,0,0,0
1,1,1,0,0,60031,7242,441,12,1,1,1
0,1,2,1,0,14440,35651,108,12,1,2,1
0,1,0,0,0,18432,33972,666,480,1,2,1
1,1,1,1,0,58327,16928,17,300,1,1,1
0,1,0,1,0,62931,28742,582,240,1,0,1
1,1,0,1,0,26148,11831,37,480,1,1,1
0,1,1,0,0,34466,19556,122,12,1,0,1
1,1,2,0,0,29277,25343,470,36,0,0,0
1,0,3,1,0,34067,22834,151,84,1,1,1
1,1,1,1,0,18674,39288,398,12,1,1,1
0,1,2,1,0,44098,33422,640,60,1,0,1
1,1,1,0,1,60699,23205,690,300,1,0,1
1,1,1,0,0,15298,18830,165,300,1,0,1
1,1,0,1,0,66864,8412,343,300,1,0,1
1,1,0,1,0,19058,3666,268,180,0,2,0
1,0,0,1,0,62584,37045,90,180,1,1,1
0,1,1,0,1,45737,20786,449,120,1,0,1
1,0,0,1,0,66997,5515,180,360,1,1,1
1,0,0,1,1,1678,26627,239,84,1,0,1
1,1,0,1,1,18618,15198,83,480,1,1,1
1,1,3,1,1,24116,3985,278,240,0,1,0
1,1,0,0,0,2298,40935,634,12,1,0,1
1,1,1,1,0,9101,29475,70,360,1,0,1
0,1,0,0,0,26863,40216,328,240,0,1,1
1,0,1,1,0,4295,19403,110,480,1,1,1
1,1,0,1,0,46764,3681,437,360,1,1,1
1,0,0,1,0,74333,26019,263,240,1,2,1
1,0,1,1,0,4584,27586,540,36,1,0,1
0,1,0,0,0,78146,37521,578,180,1,2,1
1,1,0,1,0,2231,39850,120,480,1,2,1
1,1,0,1,0,2629,36770,321,84,1,0,1
1,1,0,0,0,29522,5629,469,60,1,0,1
0,1,0,0,0,3105,27710,470,36,1,2,1
1,1,0,1,0,79006,30328,100,180,1,0,1
1,1,2,0,0,45630,12278,60,300,1,1,1
0,1,1,1,0,30765,8417,528,180,0,1,0
1,0,1,1,1,33830,34765,106,360,1,2,1
0,0,0,1,0,69969,8963,244,120,1,2,1
0,1,3,0,0,16687,37292,382,36,1,0,1
1,1,0,1,0,27291,25009,589,300,1,0,1
1,1,0,1,0,72110,27675,565,360,1,2,1
1,1,1,0,0,41367,36175,657,480,1,2,1
1,1,0,1,0,2393,6731,242,84,1,1,1
1,1,0,1,0,21273,40563,40,180,1,1,1
1,1,1,1,0,5739,11332,297,480,1,0,1
1,1,3,0,0,22363,19177,646,300,0,1,0
1,1,1,1,0,52915,23718,587,360,1,0,1
1,0,2,0,1,70468,2911,550,120,1,0,1
1,0,3,0,1,61930,18799,122,180,0,0,1
1,0,0,1,0,3015,15194,212,84,0,1,0
1,1,0,1,0,16105,4951,37,120,0,2,0
1,1,0,0,0,57740,40866,651,240,0,2,1
0,0,1,0,0,7086,28333,482,360,1,1,1
1,1,1,0,0,32686,21673,261,480,1,2,1
1,0,3,0,1,28428,40870,394,180,1,0,1
0,1,2,0,0,22211,5565,70,180,1,2,1
0,1,1,0,0,56462,22821,523,300,1,1,1
1,0,0,1,0,21539,25494,438,84,1,2,1
1,1,2,1,1,38061,33941,588,60,1,0,1
1,0,3,1,0,76983,8624,545,240,1,0,1
0,0,2,1,0,3077,835,699,120,1,1,0
1,0,0,0,0,29850,18646,149,36,1,1,1
1,1,1,1,0,35298,11824,308,36,1,1,1
0,1,0,1,0,12285,37335,683,180,0,0,0
0,0,0,1,1,73727,3815,319,300,1,2,1
1,1,0,1,0,63457,2429,479,12,1,2,1
1,1,1,1,0,66931,2607,401,180,1,1,1
1,0,2,1,0,18797,25650,650,36,1,2,1
1,1,0,0,0,73394,38698,453,36,0,2,1
1,0,0,1,0,65272,32353,180,240,1,1,1
1,0,1,1,0,21081,36790,584,480,1,1,1
1,1,0,1,0,56692,11991,39,12,1,0,1
1,0,0,1,0,2962,21168,55,180,1,0,1
1,1,1,0,0,65673,31099,138,240,1,0,1
1,1,2,1,0,17011,39385,360,300,0,0,1
1,0,0,1,1,77606,35919,630,240,1,2,1
1,1,0,1,0,50165,31416,589,180,1,2,1
1,0,0,1,0,45914,5580,66,360,1,0,1
1,1,3,0,0,74073,7054,114,60,0,0,1
1,1,2,1,0,14886,24090,338,180,1,1,1
1,1,2,1,0,55960,40387,691,84,1,2,1
1,1,0,1,0,7721,15823,391,36,1,2,1
1,0,1,1,0,24974,37341,170,12,1,0,1
1,1,0,1,0,22545,15339,294,12,1,2,1
0,1,1,1,0,6422,3491,79,480,1,1,1
1,1,3,0,0,24206,706,462,60,1,1,1
1,1,1,1,1,44271,31957,575,84,1,2,1
1,1,3,1,0,53835,15728,405,36,1,0,1
0,0,2,1,0,54449,6997,523,12,1,2,1
1,0,0,1,1,72214,38001,34,84,1,1,1
1,1,3,1,1,16740,38523,321,240,1,0,1
1,1,0,0,0,4216,25163,134,480,1,2,1
1,1,1,1,0,18074,17718,416,180,1,0,1
1,1,0,0,0,75217,21972,573,180,1,0,1
0,1,0,1,0,45566,18231,206,360,1,1,1
1,0,1,0,0,63326,39619,196,36,1,0,1
1,1,0,0,0,21713,12126,492,84,1,2,1
1,0,1,1,0,73416,23595,458,120,1,0,1
0,1,1,0,0,67651,40633,531,12,0,0,1
1,1,0,1,0,52406,12118,362,300,0,2,1
1,1,0,1,0,1963,3317,666,300,1,1,0
1,0,1,0,0,33473,39828,605,180,1,1,1
1,1,0,1,0,76194,15504,108,120,1,2,1
1,1,2,1,0,22151,3057,624,300,0,2,0
0,1,2,1,1,70194,26660,566,60,0,1,1
1,0,2,0,0,21508,37196,564,60,0,0,0
0,1,2,0,0,71974,402,286,36,0,2,1
1,1,1,0,0,39685,8605,634,120,0,0,0
1,0,2,0,0,75917,15761,499,60,1,2,1
0,0,0,0,1,72639,27043,263,60,1,1,1
1,0,0,1,0,36480,33635,389,180,1,0,1
1,1,2,1,0,24004,13779,550,300,1,0,1
1,1,1,1,0,56470,15155,272,36,1,2,1
1,1,2,1,0,18266,40978,618,84,0,0,0
1,0,2,0,0,13195,33132,337,240,0,2,0
1,1,3,0,0,19296,23851,123,12,1,1,1
1,1,3,0,0,44043,15366,284,12,1,0,1
1,1,1,0,0,16059,28408,496,480,1,2,1
0,1,0,1,0,34639,6571,289,240,1,0,1
1,0,1,1,1,10302,14017,283,240,1,2,1
1,1,0,1,0,75343,39236,336,12,1,2,1
1,1,1,1,0,41705,4150,219,12,1,2,1
1,1,2,1,0,35659,19423,560,84,1,1,1
1,1,2,1,1,13016,4137,34,120,1,0,1
0,1,0,0,0,51992,29992,35,120,1,1,1
1,1,0,1,0,30586,28902,91,84,0,2,1
1,0,1,1,0,31980,13833,690,300,1,2,1
1,0,0,0,0,53591,1381,421,240,1,1,1
0,1,3,1,0,49266,8154,175,360,1,1,1
1,1,0,1,0,40237,34235,177,240,1,0,1
1,0,0,1,0,10765,13439,237,480,1,2,1
1,0,0,1,0,72490,19122,617,12,1,1,1
1,0,1,0,0,16886,23956,375,240,1,2,1
1,1,1,1,0,38925,17264,536,12,1,2,1
